{
  "lightgbm": {
    "cv": {
      "accuracy_mean": 0.8300676665469204,
      "accuracy_std": 0.0040872236102620285,
      "macro_precision_mean": 0.7839530347973833,
      "macro_precision_std": 0.006946670603369407,
      "macro_recall_mean": 0.7608541935355125,
      "macro_recall_std": 0.005797241063420599,
      "macro_f1_mean": 0.7714948157753698,
      "macro_f1_std": 0.005167034676107486,
      "weighted_precision_mean": 0.8293008293376143,
      "weighted_precision_std": 0.004098686622653382,
      "weighted_recall_mean": 0.8300676665469204,
      "weighted_recall_std": 0.0040872236102620285,
      "weighted_f1_mean": 0.8294998999926151,
      "weighted_f1_std": 0.004091278427342324
    },
    "test": {
      "accuracy": 0.8271285763529818,
      "macro_precision": 0.7760139007345072,
      "macro_recall": 0.7449977919214351,
      "macro_f1": 0.7588280447576089,
      "weighted_precision": 0.8263580615379152,
      "weighted_recall": 0.8271285763529818,
      "weighted_f1": 0.8264515543265961
    }
  }
}