{
  "logistic_regression": {
    "cv": {
      "accuracy_mean": 0.5491006927755473,
      "accuracy_std": 0.0016347283796540523,
      "macro_precision_mean": 0.35331788272330666,
      "macro_precision_std": 0.008252963842261074,
      "macro_recall_mean": 0.33856604863084294,
      "macro_recall_std": 0.0010249950589991223,
      "macro_f1_mean": 0.259715589653554,
      "macro_f1_std": 0.0030129757115063766,
      "weighted_precision_mean": 0.5087492651785672,
      "weighted_precision_std": 0.010202098992505144,
      "weighted_recall_mean": 0.5491006927755473,
      "weighted_recall_std": 0.0016347283796540523,
      "weighted_f1_mean": 0.4151393313641991,
      "weighted_f1_std": 0.003591392420351076
    },
    "test": {
      "accuracy": 0.5510168907273354,
      "macro_precision": 0.36701524282169445,
      "macro_recall": 0.3393991280686361,
      "macro_f1": 0.25842466350526927,
      "weighted_precision": 0.5256401091874955,
      "weighted_recall": 0.5510168907273354,
      "weighted_f1": 0.4138677468543507
    }
  },
  "random_forest": {
    "cv": {
      "accuracy_mean": 0.958800185153996,
      "accuracy_std": 0.0018814276216021157,
      "macro_precision_mean": 0.9442009781670068,
      "macro_precision_std": 0.00521120634698787,
      "macro_recall_mean": 0.940478992195653,
      "macro_recall_std": 0.004084778019367019,
      "macro_f1_mean": 0.9422855513975854,
      "macro_f1_std": 0.0036803283530677518,
      "weighted_precision_mean": 0.9588181354991695,
      "weighted_precision_std": 0.0018326674071475384,
      "weighted_recall_mean": 0.958800185153996,
      "weighted_recall_std": 0.0018814276216021157,
      "weighted_f1_mean": 0.9587931672536925,
      "weighted_f1_std": 0.0018619274928253764
    },
    "test": {
      "accuracy": 0.9682867976559807,
      "macro_precision": 0.9501611573590029,
      "macro_recall": 0.9459044766884515,
      "macro_f1": 0.9479859923724576,
      "weighted_precision": 0.9683199747273461,
      "weighted_recall": 0.9682867976559807,
      "weighted_f1": 0.9682739040529345
    }
  },
  "xgboost": {
    "cv": {
      "accuracy_mean": 0.833055618237452,
      "accuracy_std": 0.0031414225487092426,
      "macro_precision_mean": 0.7873584875529261,
      "macro_precision_std": 0.007915223827148935,
      "macro_recall_mean": 0.769759098077165,
      "macro_recall_std": 0.016879702723952922,
      "macro_f1_mean": 0.7778141722259578,
      "macro_f1_std": 0.0122042430078208,
      "weighted_precision_mean": 0.832512167682335,
      "weighted_precision_std": 0.0033004557910572964,
      "weighted_recall_mean": 0.833055618237452,
      "weighted_recall_std": 0.0031414225487092426,
      "weighted_f1_mean": 0.83249472808676,
      "weighted_f1_std": 0.0032399792744073875
    },
    "test": {
      "accuracy": 0.8360910031023785,
      "macro_precision": 0.8173330102275326,
      "macro_recall": 0.7470791232177197,
      "macro_f1": 0.7755734489677216,
      "weighted_precision": 0.8350672715541267,
      "weighted_recall": 0.8360910031023785,
      "weighted_f1": 0.8345206502565021
    }
  },
  "lightgbm": {
    "cv": {
      "accuracy_mean": 0.8300676665469204,
      "accuracy_std": 0.0040872236102620285,
      "macro_precision_mean": 0.7839530347973833,
      "macro_precision_std": 0.006946670603369407,
      "macro_recall_mean": 0.7608541935355125,
      "macro_recall_std": 0.005797241063420599,
      "macro_f1_mean": 0.7714948157753698,
      "macro_f1_std": 0.005167034676107486,
      "weighted_precision_mean": 0.8293008293376143,
      "weighted_precision_std": 0.004098686622653382,
      "weighted_recall_mean": 0.8300676665469204,
      "weighted_recall_std": 0.0040872236102620285,
      "weighted_f1_mean": 0.8294998999926151,
      "weighted_f1_std": 0.004091278427342324
    },
    "test": {
      "accuracy": 0.8271285763529818,
      "macro_precision": 0.7760139007345072,
      "macro_recall": 0.7449977919214351,
      "macro_f1": 0.7588280447576089,
      "weighted_precision": 0.8263580615379152,
      "weighted_recall": 0.8271285763529818,
      "weighted_f1": 0.8264515543265961
    }
  }
}