{
  "logistic_regression": {
    "cv": {
      "accuracy_mean": 0.35861645651991386,
      "accuracy_std": 0.0036055428042200692,
      "macro_precision_mean": 0.27066196285589206,
      "macro_precision_std": 0.007470397252382179,
      "macro_recall_mean": 0.2722479382810693,
      "macro_recall_std": 0.0025935679236406637,
      "macro_f1_mean": 0.23314538829970677,
      "macro_f1_std": 0.0025513316446799847,
      "weighted_precision_mean": 0.344414400749928,
      "weighted_precision_std": 0.008912305378752396,
      "weighted_recall_mean": 0.35861645651991386,
      "weighted_recall_std": 0.0036055428042200692,
      "weighted_f1_mean": 0.30546111896688943,
      "weighted_f1_std": 0.0031144376001562423
    },
    "test": {
      "accuracy": 0.3659083074801793,
      "macro_precision": 0.28787322478567723,
      "macro_recall": 0.27813792155840805,
      "macro_f1": 0.23977359158978384,
      "weighted_precision": 0.3650853434058261,
      "weighted_recall": 0.3659083074801793,
      "weighted_f1": 0.31369298130152207
    }
  },
  "random_forest": {
    "cv": {
      "accuracy_mean": 0.35581994913053006,
      "accuracy_std": 0.002890535919447719,
      "macro_precision_mean": 0.2641649696053761,
      "macro_precision_std": 0.005418194749881069,
      "macro_recall_mean": 0.2700133228066812,
      "macro_recall_std": 0.0020221677300800885,
      "macro_f1_mean": 0.23003915702970454,
      "macro_f1_std": 0.002872992424309403,
      "weighted_precision_mean": 0.3366640621861813,
      "weighted_precision_std": 0.006418379499395946,
      "weighted_recall_mean": 0.35581994913053006,
      "weighted_recall_std": 0.002890535919447719,
      "weighted_f1_mean": 0.3016624890016869,
      "weighted_f1_std": 0.003363171723499474
    },
    "test": {
      "accuracy": 0.3638400551533954,
      "macro_precision": 0.2864555554044861,
      "macro_recall": 0.2764631935382707,
      "macro_f1": 0.2382928591786232,
      "weighted_precision": 0.36324025199768045,
      "weighted_recall": 0.3638400551533954,
      "weighted_f1": 0.31181391416408455
    }
  },
  "xgboost": {
    "cv": {
      "accuracy_mean": 0.3558965701438429,
      "accuracy_std": 0.002858609606816683,
      "macro_precision_mean": 0.2636108437055929,
      "macro_precision_std": 0.004889150240333038,
      "macro_recall_mean": 0.27006505764592104,
      "macro_recall_std": 0.002026127854424039,
      "macro_f1_mean": 0.2299364583312773,
      "macro_f1_std": 0.003920786800347318,
      "weighted_precision_mean": 0.3360189905630093,
      "weighted_precision_std": 0.005787693791756853,
      "weighted_recall_mean": 0.3558965701438429,
      "weighted_recall_std": 0.002858609606816683,
      "weighted_f1_mean": 0.3015501536438746,
      "weighted_f1_std": 0.004525573194056999
    },
    "test": {
      "accuracy": 0.3640124095139607,
      "macro_precision": 0.2869989825060386,
      "macro_recall": 0.27659511965964273,
      "macro_f1": 0.2383887246138977,
      "weighted_precision": 0.36388484771493507,
      "weighted_recall": 0.3640124095139607,
      "weighted_f1": 0.3119374752688184
    }
  }
}