{
  "logistic_regression": {
    "cv": {
      "accuracy_mean": 0.38650423799431843,
      "accuracy_std": 0.003214339823303769,
      "macro_precision_mean": 0.38439209957403725,
      "macro_precision_std": 0.008504339172673871,
      "macro_recall_mean": 0.3474187918406412,
      "macro_recall_std": 0.002456016194408298,
      "macro_f1_mean": 0.26464210306425395,
      "macro_f1_std": 0.002482867157019299,
      "weighted_precision_mean": 0.38428104755933923,
      "weighted_precision_std": 0.007813093289043092,
      "weighted_recall_mean": 0.38650423799431843,
      "weighted_recall_std": 0.003214339823303769,
      "weighted_f1_mean": 0.2861387804654142,
      "weighted_f1_std": 0.002301541537758915
    },
    "test": {
      "accuracy": 0.3941744226128921,
      "macro_precision": 0.41450397770604064,
      "macro_recall": 0.3541130728885696,
      "macro_f1": 0.2680518512246635,
      "weighted_precision": 0.4116854035439474,
      "weighted_recall": 0.3941744226128921,
      "weighted_f1": 0.2897191752472569
    }
  },
  "random_forest": {
    "cv": {
      "accuracy_mean": 0.38324811642607737,
      "accuracy_std": 0.0031969536501802033,
      "macro_precision_mean": 0.3823930057833364,
      "macro_precision_std": 0.013381628525123855,
      "macro_recall_mean": 0.3435358936589829,
      "macro_recall_std": 0.0020964344782854467,
      "macro_f1_mean": 0.25498157428364154,
      "macro_f1_std": 0.012930433913342183,
      "weighted_precision_mean": 0.3818740059152398,
      "weighted_precision_std": 0.012073339197044224,
      "weighted_recall_mean": 0.38324811642607737,
      "weighted_recall_std": 0.0031969536501802033,
      "weighted_f1_mean": 0.27738306385738054,
      "weighted_f1_std": 0.01191576846185074
    },
    "test": {
      "accuracy": 0.39314029644950016,
      "macro_precision": 0.4228152422779859,
      "macro_recall": 0.3524364300393283,
      "macro_f1": 0.2622228139192782,
      "weighted_precision": 0.41903493619027515,
      "weighted_recall": 0.39314029644950016,
      "weighted_f1": 0.28451653034867946
    }
  },
  "xgboost": {
    "cv": {
      "accuracy_mean": 0.38294165988947004,
      "accuracy_std": 0.0030004534136992772,
      "macro_precision_mean": 0.37698001024897804,
      "macro_precision_std": 0.012513008210975798,
      "macro_recall_mean": 0.34276031397794526,
      "macro_recall_std": 0.0024872189986681033,
      "macro_f1_mean": 0.2515715570095621,
      "macro_f1_std": 0.010559544047257351,
      "weighted_precision_mean": 0.37701039423497446,
      "weighted_precision_std": 0.011219668727227804,
      "weighted_recall_mean": 0.38294165988947004,
      "weighted_recall_std": 0.0030004534136992772,
      "weighted_f1_mean": 0.27412011885711485,
      "weighted_f1_std": 0.009875876995228962
    },
    "test": {
      "accuracy": 0.3945191313340228,
      "macro_precision": 0.4246214409789044,
      "macro_recall": 0.35421009977635953,
      "macro_f1": 0.26677924995834057,
      "weighted_precision": 0.42075531234410113,
      "weighted_recall": 0.3945191313340228,
      "weighted_f1": 0.2885861885328865
    }
  }
}